Year,Mean_White_Wealth,Mean_Black_Wealth,Mean_Black_40_Wealth,Mean_White_Land,Mean_Black_Land,Mean_Black_40_Land,Mean_White_Invest,Mean_Black_Invest,Mean_Black_40_Invest,Mean_White_Income,Mean_Black_Income,Mean_Black_40_Income,Diff_White_Wealth,Diff_Black_Wealth,Diff_Black_40_Wealth
1860,4209.428999999998,0.0,0.0,4209.428999999998,0.0,0.0,4209.428999999998,0.0,0.0,4209.428999999998,0.0,0.0,,,
1861,4004.1478049165785,1.2264903184012728,1.220890197309275,3776.429124428498,0.0,0.0,212.11838909624987,0.0,0.0,15.600291391830378,1.2264903184012728,1.220890197309275,-205.2811950834198,1.2264903184012728,1.220890197309275
1862,3798.6646474930235,2.475566125007789,2.4629633744573183,3580.4243991996736,1.1393406023810515,1.1341271003147535,202.0152629797488,0.0,0.0,16.224985313600676,1.3362255226267374,1.3288362741425652,-205.48315742355499,1.2490758066065164,1.2420731771480433
1863,3594.663718868921,3.7453477260141925,3.7269027008320745,3384.0076768287586,2.2923078792541123,2.2805914922992723,193.78127966256162,0.0,0.0,16.874762377600874,1.45303984676008,1.4463112085328023,-204.00092862410247,1.2697816010064034,1.2639393263747563
1864,3387.2324017922106,5.027924777888029,5.0032343470743905,3188.62731151013,3.4510904122647696,3.43412712412865,181.05512352606013,0.0,0.0,17.549966756020222,1.5768343656232595,1.5691072229457412,-207.43131707671046,1.2825770518738366,1.276331646242316
1865,3177.7022731670377,6.314747365567514,351.20323434707433,2989.8659086754496,4.6063892230540295,3.43412712412865,169.58517742812882,0.0,0.0,18.25118706345912,1.7083581425134835,1.5691072229457412,-209.5301286251729,1.2868225876794845,346.19999999999993
1866,2967.1116558738404,7.598626293428561,321.6586291762094,2788.859608436662,5.750797486676868,319.8202855166196,159.2704100589734,0.0,0.0,18.981637378204937,1.8478288067516928,1.8383436595897729,-210.59061729319728,1.2838789278610472,-29.54460517086494
1867,2754.6823521170845,8.867272852913494,292.8577071913898,2586.446071745905,6.871491726840695,290.87148088538896,148.49503704151806,0.0,0.0,19.741243329661614,1.9957811260727998,1.986226306000815,-212.42930375675587,1.2686465594849334,-28.80092198481958
1868,2540.209837464599,10.096364431842666,264.5056921718373,2381.8373961512916,7.944002376220644,262.3642175916553,137.84086154699878,0.0,0.0,20.531579766308884,2.152362055622023,2.1414745801820483,-214.47251465248564,1.2290915789291716,-28.352015019552482
1869,2323.1624740586603,11.273703378049312,236.92085911087636,2174.715121277344,8.955219262167207,234.61226197069197,127.09495385032564,0.0,0.0,21.35239893099097,2.318484115882105,2.308597140184354,-217.04736340593854,1.1773389462066461,-27.58483306096096
1870,2102.9503195723737,12.358672729887305,209.78469467378943,1964.425619472062,9.864391638650906,207.30072862777126,116.31900270426156,0.0,0.0,22.205697396050034,2.494281091236398,2.4839660460181667,-220.21215448628664,1.0849693518379926,-27.136164437086933
1871,2186.1852993316643,15.314217104889426,217.57446055331408,2053.2165282860137,12.662759857269274,214.9379273047037,109.8765633628628,0.0,0.0,23.09220768278765,2.6514572476201526,2.6365332486103443,83.23497975929058,2.9555443750021215,7.789765879524651
1872,2269.791418706586,18.495716286609955,225.54822101512522,2127.285440724057,15.67836938335395,222.74554381421896,118.4894129494436,0.0,0.0,24.01656503308526,2.817346903256004,2.8026772009062597,83.60611937492149,3.181499181720529,7.973760461811139
1873,2352.6654282182576,21.91072248385855,233.67089105171206,2201.375750355565,18.918382536649997,230.69295418035762,126.31180787458257,0.0,0.0,24.977869988109575,2.9923399472085506,2.9779368713544128,82.87400951167183,3.4150061972485943,8.12267003658684
1874,2436.984700560401,25.551309581534863,241.76996791028293,2274.41833283373,22.37414170347135,238.61001060200897,136.58913906716788,0.0,0.0,25.977228659503407,3.1771678780635133,3.1599573082739814,84.31927234214345,3.6405870976763133,8.099076858570868
1875,2521.920134764313,29.45026917261092,250.11380266520754,2348.5190677098217,26.078487594150694,246.75820732779306,146.38489447265016,0.0,0.0,27.01617258184145,3.3717815784602267,3.3555953374144374,84.93543420391188,3.898959591076057,8.343834754924615
1876,2606.699094085613,33.59614124114154,258.4892830580507,2422.8691262780667,30.01954543130531,254.93090933925546,155.73376852101424,0.0,0.0,28.096199286532606,3.5765958098362223,3.558373718795269,84.77895932130014,4.145872068530618,8.375480392843173
1877,2693.5247564767064,38.02728968744032,267.17840687157997,2496.723879959444,34.234646517979435,263.40343416974594,167.58147330548022,0.0,0.0,29.219403211782744,3.7926431694608813,3.77497270183404,86.82566239109337,4.431148446298785,8.68912381352925
1878,2782.2309141786927,42.70951729502358,275.84181026895436,2572.189404756183,38.68945937534147,271.8428983439776,179.65460613927235,0.0,0.0,30.386903283236997,4.020057919682111,3.9989119249768192,88.70615770198629,4.682227607583258,8.663403397374395
1879,2877.2318315517623,47.65768695223688,284.5355488516354,2649.0908985077867,43.39807845842425,280.30008912709627,196.5376375757808,0.0,0.0,31.603295468195103,4.259608493812635,4.235459724539124,95.00091737306957,4.948169657213299,8.693738582681021
1880,2958.6091604962076,52.90595203291973,293.4868881757214,2721.629742390308,48.3938588344636,288.99801214738767,204.11297462749454,0.0,0.0,32.866443478405316,4.512093198456123,4.4888760283337,81.37732894444525,5.248265080682849,8.951339324086007
1881,3097.755026362014,59.586868329602304,308.8199813306674,2852.4162577911825,54.75663581599445,303.7681275153722,211.15894646529603,0.05271215979346841,0.29242618431784295,34.17982210553574,4.77752035381438,4.759427630977469,139.14586586580663,6.680916296682575,15.333093154946027
1882,3235.695768620957,66.61372245434778,324.06489019868263,2977.7881966616624,61.437500934501145,318.415549456639,222.36068213927396,0.11863136956195083,0.6148373899865053,35.546889820020695,5.0575901502846845,5.034503352057163,137.94074225894292,7.026854124745476,15.244908868015216
1883,3373.2847396593934,73.98935721152793,339.2188301762889,3101.733309185396,68.43862991737765,332.9274581080058,234.58667127301274,0.19875937560620796,0.9668874694831809,36.964759200984794,5.351967918544073,5.324484598799853,137.58897103843628,7.375634757180151,15.153939977606285
1884,3509.7317738084316,81.78631872546258,354.6423149002336,3225.0760930148645,75.8303487636904,347.65912163538235,246.2112725286061,0.29430507149137974,1.349299380995647,38.44440826496145,5.661664890280814,5.633893883855652,136.44703414903825,7.796961513934647,15.423484723944682
1885,3660.3142549499994,89.94590229417061,370.0088328403798,3347.0646623286752,83.55095413567403,362.28520900157787,273.26881269990383,0.40772702504712516,1.767944747165007,39.980779921420556,5.987221133449451,5.955679091636882,150.58248114156777,8.15958356870803,15.366517940146196
1886,3805.5339145239855,98.49328679042921,385.44025274818523,3482.240178487353,91.62540168507351,376.9378063889738,281.712479026497,0.5370624074446367,2.209421427171124,41.58125701013511,6.330822697911042,6.29302493204024,145.21965957398606,8.547384496258601,15.431419907805434
1887,3946.5367282861894,107.59011140728833,401.5050524377806,3612.0013651841446,100.21249094089362,392.1601223610382,291.28875960374745,0.6858672243678254,2.6839945011461017,43.246603498297915,6.691753242026867,6.660935575596291,141.0028137622039,9.096824616859124,16.06479968959536
1888,4091.8254504797974,117.11390533313396,417.67911343934117,3737.4703337340834,109.18479470988603,407.4438644356322,309.3785568561634,0.8568809722705945,3.1976146095339137,44.97655988955082,7.072229650977318,7.037634394175129,145.288722193608,9.523793925845624,16.174061001560574
1889,4238.977955966948,127.06050546457129,433.89613610104965,3866.7089986178757,118.53909738149582,422.7224857503156,325.49381273512023,1.0491654595879099,3.7414308092209714,46.775144613951575,7.472242623487562,7.432219541513093,147.1525054871504,9.946600131437336,16.217022661708484
1890,4383.382815546069,137.5031237756902,450.40307526055176,3997.408004843009,128.3483763909,438.23905524145636,337.33040513464715,1.2630506093722882,4.312622577224142,48.64440556841208,7.891696775417942,7.851397441871261,144.40485957912097,10.442618311118906,16.50693915950211
1891,4491.866813877888,146.98712092537232,462.4715825820932,4079.5575362199106,137.28356713225156,449.6928401797166,361.7186681071817,1.3694607593276622,4.485873373201789,50.590609550795435,8.334093033793083,8.292869029174907,108.48399833181884,9.483997149682125,12.06850732154146
1892,4604.437733597245,157.00375315833162,475.0175646273866,4169.818965386552,146.7399466848841,461.6473949967793,382.00444551584957,1.4653998256716623,4.610183030819819,52.61432269484433,8.798406647775886,8.759986599787526,112.57091971935733,10.016632232959296,12.545982045293385
1893,4709.921404287097,167.37726841382997,487.591983577423,4263.420371841418,156.5303472159811,473.6369565100932,391.7827349211644,1.5595270491648279,4.718890990143938,54.718297524515,9.287394148684031,9.236136077185746,105.48367068985226,10.373515255498347,12.574418950036375
1894,4822.097410746775,178.36854698088422,500.7784187925563,4350.0134461469825,166.90179713666905,486.1739353117916,415.18067202554766,1.6658404542673437,4.852483455223389,56.903292574245015,9.800909389947812,9.752000025541403,112.17600645967741,10.991278567054252,13.186435215133315
1895,4938.074102819286,189.98599943863223,514.6310756546006,4442.34323740806,177.86983105609565,499.3491246119919,436.55103664738414,1.7767539308955416,4.9880326234964345,59.17982876384274,10.339414451641048,10.293918419112295,115.97669207251147,11.617452457748016,13.852656862044341
1896,5055.58418499649,201.92086058996898,528.2712179678292,4537.7064522429255,189.12347856324763,512.3107954984365,456.33409621679874,1.8894834629735862,5.1183638507019875,61.543636536765156,10.907898563747763,10.842058618690587,117.51008217720391,11.934861151336747,13.64014231322858
1897,5181.4527235506275,214.6707334503526,542.9741044584267,4633.99929186185,201.15492197368565,526.2604876069203,483.4488706058437,2.0130624383395705,5.26656375091008,64.00456108293386,11.502749038327355,11.447053100596415,125.86853855413756,12.749872860383618,14.702886490597507
1898,5309.251997096877,228.2128236947464,558.6346250406808,4737.45226723718,213.94365251047566,541.1407217020899,505.24128300844,2.141283225904272,5.4160781899228345,66.55844685125673,12.127887958366431,12.077825148668062,127.79927354624942,13.54209024439379,15.660520582254094
1899,5435.699766365275,242.21690035132215,574.3575385224642,4842.146621881244,227.15964098039115,556.0745928289385,524.3298111481053,2.2723174250086924,5.56251093476101,69.2233333359251,12.784941945922315,12.720434758764663,126.44776926839768,14.004076656575762,15.722913481783394
1900,5546.601529404137,257.11246295687494,591.2962426365499,4920.436091293926,241.21754321337295,572.1376842012395,554.16616879932,2.4171344860729387,5.733328576415894,71.9992693108916,13.477785257429002,13.42522985889446,110.90176303886255,14.895562605552783,16.93870411408568
1901,6554.809865579497,322.3612326796377,722.7808240886826,5897.296599651444,305.54691294182135,702.7139690587537,582.63837805969,2.56397970248905,5.896784673668852,74.87488786836411,14.250340035327271,14.170070356260007,1008.2083361753603,65.24876972276275,131.48458145213272
1902,7504.270901096765,389.58604796671125,854.7746766653728,6752.486704732445,371.3175692015682,832.5903816720617,673.9086651169465,3.205857129514187,7.188363903134816,77.87553124737225,15.062621635628844,14.995931090176228,949.4610355172672,67.22481528707357,131.9938525766902
1903,8449.442977154342,457.84428316603874,985.4199939455816,7553.774330931367,438.0405811302172,961.064859281063,814.6772167448538,3.883735092706872,8.520948700065036,80.99142947812125,15.919966943114682,15.834185964453514,945.1720760575772,68.25823519932749,130.64531728020881
1904,9377.169779570959,527.3671181323868,1115.4518487895884,8354.477823672332,505.9807503985255,1088.8925479556578,938.4596231915631,4.566370412510035,9.827027430334175,84.23233270706268,16.819997321351348,16.732273403596473,927.7268024166169,69.52283496634811,130.03185484400683
1905,10291.787842758698,597.555070428707,1244.096537180206,9139.350135523331,574.532763245813,1215.319745178995,1064.8356731512179,5.257238670392827,11.12073387277541,87.60203408414857,17.765068512500964,17.656058128435777,914.6180631877396,70.18795229632019,128.6446883906176
1906,11177.01516471453,669.158038752795,1372.760450196047,9911.627400017785,644.4440573549092,1341.7056352260154,1174.2786996238115,5.953566260228466,12.395076515758573,91.10906507293329,18.76041513765749,18.659738454273047,885.2273219558319,71.60296832408801,128.663913015841
1907,11987.063875732541,741.40030412001,1500.0426931537206,10655.116907314059,714.9577146637292,1466.7356053797703,1237.197426657528,6.635642971737905,13.613020199122792,94.74954176095221,19.806946484542973,19.694067574827425,810.0487110180111,72.24226536721494,127.28224295767359
1908,12907.334405764428,815.8395151289031,1629.131542159513,11326.553074991129,787.5101612895899,1593.2990337376198,1482.2456730289175,7.423909333850717,15.020133262547661,98.53565774438188,20.905444505462434,20.812375159345645,920.2705300318867,74.43921100889315,129.08884900579233
1909,13709.16547618317,890.8166135169159,1756.677403715865,12100.820950383115,860.6441934607029,1718.5310363531823,1505.8660908679592,8.11020701766076,16.194430377849056,102.47843493209642,22.062213038552443,21.951936984833335,801.8310704187425,74.97709838801279,127.54586155635207
1910,14565.621154993885,966.2733831850848,1882.7537153720752,12762.275680987605,934.1157780331052,1842.097427500311,1696.762573055667,8.881447570267841,17.51441535022381,106.58290095061282,23.27615758171161,23.141872521540236,856.4556788107147,75.45676966816882,126.07631165621024
1911,16365.484287799776,1131.337344944256,2181.122817739754,14473.357920393722,1096.2107666033464,2136.090959520323,1781.2804367736508,10.571341663876785,20.59945773765473,110.8459306323992,24.555236677032767,24.432400481776067,1799.863132805891,165.06396175917132,298.3691023676786
1912,18134.396490744788,1295.643112428037,2473.6610599475657,15924.331813769812,1256.2258665439322,2421.8437675350697,2094.7881422604632,13.52107736316533,26.06691823058102,115.27653471451175,25.896168520939465,25.750374181915294,1768.9122029450118,164.30576748378098,292.5382422078119
1913,19851.64000845744,1459.8087364807925,2762.029826637858,17350.77174131252,1415.7204547055017,2702.8318539038755,2380.9820272024203,16.78154858744758,32.038601921185226,119.88623994250054,27.306733187843136,27.159370812796936,1717.2435177126536,164.16562405275545,288.36876669029243
1914,21407.851245586025,1624.8561936195608,3048.3722625664577,18729.163403177172,1575.7807124467236,2981.3342687605627,2554.004645818969,20.287779027809897,38.38392637687298,124.68319658988442,28.78770214502716,28.654067429022152,1556.211237128584,165.04745713876832,286.34243592859957
1915,23022.9494332126,1791.035957107035,3333.3222586470947,19955.975848089845,1736.3748359630329,3257.4727099065626,2937.3080627260565,24.319942183732035,45.62468099007809,129.6655223966958,30.34117896027053,30.224867750453843,1615.098187626576,166.17976348747425,284.949996080637
1916,24514.297008647074,1955.4713874507495,3611.5749736046373,21236.424288196544,1895.0132969237839,3526.7518126508326,3143.0118408657636,28.481301159608485,53.00568637400089,134.86087958476247,31.97678936735749,31.81747457980377,1491.3475754344727,164.43543034371442,278.2527149575426
1917,26086.08147747104,2120.5630384535953,3887.917597903319,22399.97007690189,2053.671091999013,3793.0674124879524,3545.8505680465764,33.19511686600025,61.31036100605309,140.26083252257305,33.69682958858189,33.53982440931318,1571.7844688239675,165.09165100284577,276.3426242986816
1918,27576.0544136016,2286.580497807474,4163.048705445506,23633.167839285612,2213.014925687144,4057.9075539051237,3797.018898768144,38.065203604348255,69.79847964606911,145.86767554784237,35.50036851598134,35.34267189431282,1489.972936130558,166.01745935387862,275.13110754218724
1919,29095.907620603968,2451.552476014571,4432.704232288003,24787.263753506562,2370.7734291053694,4316.48928327408,4156.947902136852,43.38644781105413,78.99410998815516,151.69596496055505,37.39259909814706,37.2208390257685,1519.8532070023684,164.97197820709698,269.65552684249724
1920,30223.560720779806,2610.9270765795363,4688.55726917145,25830.622100276876,2522.930466606859,4561.464014198204,4235.171745368644,48.61748000833407,87.91556436089326,157.76687513429007,39.37912996434291,39.17769061235287,1127.6531001758376,159.37460056496548,255.8530368834463
1921,29588.33321069305,2507.5017260651452,4469.705043082679,24921.70328389574,2414.30052808209,4335.3114501147775,4502.556850373073,52.040805619527994,93.44863982395897,164.07307642424277,41.16039236352777,40.944953143942335,-635.2275100867555,-103.42535051439108,-218.8522260887703
1922,29045.941710587413,2406.717844174097,4256.04293903469,24437.27549930498,2313.512510557725,4123.776643087838,4438.034105124853,50.18848684941383,89.45968905594553,170.63210615758024,43.01684676695885,42.8066068909055,-542.3915001056375,-100.78388189104817,-213.6621040479895
1923,28325.48135888922,2306.38306491511,4043.9991942012966,24022.684479141895,2213.5028349492604,3914.535730613455,4125.332585574385,47.92330470945055,84.75141104507348,177.46429417293746,44.95692525639901,44.7120525427674,-720.4603516981915,-100.33477925898706,-212.04374483339325
1924,27687.349472155667,2208.746737642177,3837.4789024075226,23453.347202856894,2115.6178595209985,3709.8312879681735,4049.4380641798675,46.13603832931671,80.90162300660008,184.5642051189,46.992839791861385,46.745991432748994,-638.131886733554,-97.63632727293316,-206.52029179377405
1925,27001.03714203549,2110.9636145659433,3631.172727684682,22943.94751201193,2017.7071328953068,3505.65125068594,3865.153709439436,44.14542411247587,76.70016065705819,191.9359205841257,49.11105755816037,48.821316341683875,-686.3123301201776,-97.78312307623355,-206.30617472284075
1926,26202.909876231297,2016.6832134679385,3431.641190285685,22385.614076191127,1923.23863716216,3308.098774666842,3617.6759416470154,42.12646688966724,72.46033373392619,199.61985839315597,51.31810941611112,51.08208188491653,-798.1272658041926,-94.28040109800486,-199.531537398997
1927,25471.77294978754,1921.5393227341287,3231.689428525088,21724.51781683444,1827.501586597234,3109.581356966309,3539.636161356496,40.41038056933434,68.76019532234199,207.6189715965994,53.62735556756067,53.347876236436576,-731.1369264437562,-95.14389073380971,-199.95176176059704
1928,24721.71341878747,1827.7559951245196,3035.9394551236574,21107.649970172537,1733.1087934384457,2915.247576872882,3398.131703779126,38.597914783956014,64.92522452847975,215.93174483580887,56.049286902117686,55.76665372229605,-750.0595310000717,-93.78332760960916,-195.74997340143045
1929,23694.689598525743,1734.119090574462,2841.4856034918894,20462.147130977613,1639.2164187877868,2722.8419980121143,3007.969652348023,36.32318615396267,60.33510623006126,224.57281520011085,58.579485632712476,58.3084992497133,-1027.0238202617256,-93.63690455005758,-194.45385163176798
1930,22574.99405979329,1639.77736040151,2647.458554025864,19572.710584235047,1544.200762844466,2530.2047014364102,2768.7074194112224,34.37077805545999,56.317226568234446,233.57605614701933,61.20581950158375,60.93662602122013,-1119.6955387324524,-94.34173017295211,-194.02704946602535
1931,22356.181512511044,1650.3358261229444,2624.7839221608983,19584.341848189404,1553.8786550788934,2508.816170718801,2528.905619573629,32.33465609656919,52.20594788695732,242.9340447480082,64.12251494748166,63.76180355514048,-218.81254728224667,10.558465721434459,-22.674631864965704
1932,22250.2790669746,1663.3111834426008,2605.262586985122,19430.017342254174,1563.3772009043973,2486.3350370055023,2567.5965368953125,32.7753256517663,52.12461872292266,252.66518782511204,67.15865688643741,66.80293125669719,-105.90244553644516,12.975357319656496,-19.52133517577613
1933,22330.813932627563,1679.7206232176234,2590.8700808417575,19372.857877523402,1575.9013409009215,2468.4118732707743,2695.1964443352445,33.4762905893158,52.435562442309674,262.7596107689171,70.34299172738623,70.022645128673,80.53486565296407,16.40943977502252,-14.392506143364699
1934,22229.749276238912,1697.417000113907,2577.7906349611612,19477.499373439463,1590.3661242452686,2452.989226942807,2479.005895105579,33.383767756415914,51.49130216799039,273.2440076938693,73.66710811222232,73.31010585036411,-101.0646563886512,17.69637689628371,-13.079445880596268
1935,22297.002562526286,1676.3443132516618,2526.2015122940056,19423.1920115634,1604.6452878287382,2437.0153995863984,2589.6339682686253,34.11972310497997,51.81848678156874,284.1765826942608,37.57930231794356,37.36762592603855,67.25328628737407,-21.07268686224529,-51.58912266715561
1936,22304.957105266432,1658.5574487696679,2479.1344806420484,19515.336272535937,1585.6033325870428,2389.333251219007,2494.082165822833,33.59917127475529,50.63032821026711,295.53866690766404,39.35494490786974,39.17090121277462,7.95454274014628,-17.786864481993916,-47.06703165195722
1937,22148.71621886102,1640.3013478226392,2431.1177581724396,19555.08191271824,1566.305739128669,2341.1218966114543,2286.25779102041,32.78916511773259,49.009226303055954,307.37651512237454,41.20644357623746,40.98663525792905,-156.2408864054123,-18.2561009470287,-48.016722469608794
1938,22109.132959828563,1624.1111094349467,2385.8731991397426,19450.000531506772,1548.2261965756466,2294.432433535892,2339.4724321094136,32.73553828668373,48.51324757348094,319.6599962123742,43.14937457261641,42.927518030369946,-39.583259032457136,-16.19023838769249,-45.244559032697
1939,22041.658680491433,1610.0779124108874,2343.7845511395517,19446.369029751673,1532.5489020236284,2251.282395253433,2262.860348791465,32.35336159971671,47.52641387203688,332.4293019482921,45.17564878754227,44.97574201408179,-67.4742793371297,-14.033197024059291,-42.088648000190915
1940,21750.28301748803,1595.4904751523347,2301.2389610612186,19236.332491934027,1516.2306195871372,2207.6412382561025,2168.21082135767,31.965352608330548,46.53815055727966,345.7397041963333,47.294502956867,47.059572247836876,-291.37566300340404,-14.587437258552654,-42.545590078333134
1941,22890.149818354166,1710.9900088574864,2445.450451012197,20267.52276694709,1627.759781059963,2347.757132488501,2263.0852469321317,33.27472227570102,47.99293327144398,359.5418044749454,49.95550552182231,49.70038525225177,1139.866800866137,115.49953370515163,144.21148995097838
1942,24106.676666597654,1829.6697212787155,2592.047298564776,21160.53534351447,1739.3046852207117,2485.782217892064,2572.2027593281673,37.6208382352807,53.76700902498149,373.9385637550197,52.744197822723095,52.498071647730505,1216.5268482434876,118.67971242122917,146.59684755257922
1943,25349.053895723824,1952.566191117553,2742.684840173732,22112.99089083062,1854.7477615871676,2627.530333821336,2847.156473324041,42.13664057374483,59.69291542807888,388.90653156915783,55.68178895664062,55.46159092431746,1242.3772291261703,122.89646983883745,150.63754160895587
1944,27693.56109814078,2514.84530036805,3331.260859081498,23076.970322357192,1971.333064252844,2769.070114388811,3112.117542248195,46.851071174457786,65.8102394612169,1504.4732335353983,496.66116494074817,496.38050523146995,2344.5072024169567,562.2791092504972,588.576018907766
1945,30173.344465689646,3094.0600276817577,3935.764487027441,25024.484252223745,2530.983647226217,3352.4847889769862,3628.159402180954,63.165972413567545,83.66824571525883,1520.7008112849494,499.910408041973,499.61145233519636,2479.7833675488655,579.2147273137075,604.5036279459432
1946,32467.0760334181,3689.291869489909,4555.448152116919,27066.44722194525,3105.972095124405,3950.70332314158,3863.127991288381,79.84008612625428,101.55419428076637,1537.5008201844673,503.47968823925044,503.19063469457336,2293.7315677284532,595.2318418081513,619.6836650894779
1947,34870.473701412164,4298.294416561428,5188.15097480901,28914.527371535314,3692.165625175543,4559.064573683296,4400.924980824858,99.21291284800282,122.50752597149608,1555.0213490519939,506.91587853788286,506.5788751542179,2403.3976679940642,609.0025470715191,632.7028226920911
1948,37356.53064879263,4921.179769261563,5834.06757930215,30834.175776179804,4290.371764996174,5178.729623486804,4949.1189085971955,120.10424128723669,144.97284299118868,1573.2359640156405,510.70376297815244,510.3651128241589,2486.0569473804644,622.8853527001347,645.9166044931399
1949,39944.81063927507,5555.331965316957,6489.8685982063,32799.93402462583,4898.128939659353,5806.592053141783,5552.73187112843,142.6928851023313,169.15834247774902,1592.1447435208197,514.5101405552721,514.1182025867682,2588.2799904824424,634.1521960553946,655.8010189041497
1950,43000.250349263624,6209.540506874634,7166.363049296882,35087.894837994805,5523.39855611335,6452.463585700515,6300.5349269434955,167.5036142726249,195.678613554165,1611.8205843253243,518.6383364886594,518.2208500422036,3055.4397099885537,654.2085415576767,676.4944510905825
1951,47327.70392290549,7216.8347971966505,8247.551562248882,38816.53023776494,6495.281469207887,7495.738974717556,6878.88657416656,199.0434139611761,229.70174314425486,1632.2871109739856,522.5099140275879,522.1108443870703,4327.453573641869,1007.2942903220164,1081.1885129519997
1952,51646.563046482086,8249.236861927182,9351.74100403388,42250.23270417419,7477.379832422797,8545.243213547617,7742.782072056829,245.40281596543184,280.4494080427915,1653.548270251065,526.4542135389519,526.0483824434705,4318.8591235765925,1032.4020647305315,1104.189441784998
1953,55869.19968884995,9301.905264441633,10473.9654258762,45632.5501093022,8475.426313138134,9608.350007491212,8560.912469911984,295.9256506708735,335.48250232943616,1675.7371096357597,530.5533006326291,530.1329160555554,4222.636642367863,1052.6684025144514,1122.2244218423202
1954,60824.2369162722,10377.249362885843,11616.684546969473,48886.947184557976,9484.428776068173,10679.21089595974,10238.551543922853,357.98527291667625,403.0817582574265,1698.7381877913754,534.8353139009957,534.3918927523081,4955.037227422254,1075.3440984442095,1142.7191210932724
1955,64534.139969962205,11127.640416902337,12430.662777242851,52734.086211853435,10502.137287125242,11756.389792858596,11177.358293889145,417.63268416544486,467.5098497622813,622.695464219617,207.87044561165146,206.76313462197268,3709.9030536900027,750.3910540164943,813.9782302733784
1956,67864.40070511574,11881.099745027777,13245.448127666114,55457.62418073289,11197.23362515909,12508.025188553105,11759.16317422903,466.44660986417665,521.0506577434594,647.6133501538055,217.41951000451058,216.37228136954798,3330.2607351535335,753.4593281254402,814.7853504232626
1957,70922.47724162211,12631.809485119325,14054.892226405638,57822.912123229326,11885.562870617587,13250.190176440847,12426.006549612051,518.8866948438186,578.4620771896329,673.5585687807247,227.35991965792104,226.23997277515977,3058.0765365063708,750.7097400915482,809.4440987395246
1958,75115.91530109337,13392.478260363452,14872.824209151382,59928.2492879591,12566.218926135578,13981.536739449772,14487.101800420796,588.4853051862724,654.765682776344,700.5642127134475,237.77402904159945,236.52178692526715,4193.438059471257,760.6687752441267,817.9319827457439
1959,78552.1091214648,14163.177359395435,15699.91467448303,62958.28554949317,13272.024715313468,14738.822469003037,14865.252223877698,642.4669074017794,713.4710711831724,728.5713480939468,248.68573668018664,247.62113429682017,3436.193820371438,770.6990990319828,827.0904653316484
1960,84832.65029691777,15862.255041116425,17553.259615139854,68242.98733782378,14895.948326854363,16511.689500432156,15831.950007423184,706.2474298708513,782.9095703980988,757.7129516708003,260.05928439121146,258.6605443096022,6280.541175452963,1699.0776817209899,1853.3449406568234
1961,91227.87786368557,17527.776187910076,19364.89498090707,72370.35807890259,16410.441053709208,18159.063396980742,18069.486852177946,844.4357808350587,934.4150366633093,788.0329326050448,272.89935336581055,271.41654726301283,6395.227566767804,1665.5211467936515,1811.6353657672153
1962,96704.637126678,19183.185627616298,21162.707472690214,76836.65780136384,17920.79741874934,19799.17883735506,19048.424687318922,976.00835860829,1078.3093847498837,819.5546379952361,286.37985025866743,285.2192505852691,5476.759262992433,1655.4094397062217,1797.8124917831447
1963,103090.43828636146,20805.958355940886,22920.592860451332,80507.35821851625,19365.822042684358,21364.444837404095,21730.680088168825,1139.629821279348,1257.2437358000439,852.3999796763593,300.50649197717576,298.9042872471925,6385.801159683455,1622.7727283245877,1757.8853877611182
1964,109263.89973660542,22407.492026307773,24651.75145779696,84903.18914257729,20796.405017333822,22910.65100850473,23474.23711531865,1295.7660430748963,1427.4988189937658,886.4734787095057,315.3209658990565,313.601630298468,6173.461450243965,1601.5336703668872,1731.1585973456276
1965,115223.07209474644,23994.897027574665,26363.636978517083,89079.48081128125,22204.072509242214,24428.241157401506,25221.604504000108,1460.0370502347969,1606.2880873331276,921.986779465083,330.787468097657,329.1077337824458,5959.172358141019,1587.4050012668922,1711.8855207201232
1966,120103.7774071779,25571.770140219603,28060.480079499055,93035.49995444523,23606.786567568968,25937.212523874103,26109.378758753566,1617.9295822966785,1777.6491224071474,958.8986939791255,347.0539903539549,345.61843321779685,4880.705312431455,1576.8731126449384,1696.8431009819724
1967,126364.35769269166,27165.85918323164,29773.262405089325,96081.47027085052,24972.86063903306,27403.715007374085,29285.624667856635,1828.956809120943,2006.9871802995506,997.2627539844923,364.04173507763403,362.560217415693,6260.580285513759,1594.089043012038,1712.7823255902695
1968,132323.12554457618,28745.25300099441,31465.92589609053,100186.99652283861,26345.39473266162,28873.88994983987,31098.976068574488,2018.0176442516215,2211.6965780254122,1037.152953163067,381.84062408116534,380.3393682252464,5958.7678518845205,1579.3938177627679,1692.6634910012071
1969,136829.69097330695,30279.38754839847,33105.18098740328,103999.05459544389,27689.06003808976,30309.296933887104,31751.979327112855,2189.8382685722595,2397.0643361689504,1078.6570507502306,400.48924173645156,398.8197173472232,4506.56542873077,1534.1345474040609,1639.2550913127452
1970,148063.21957307457,34376.28523915691,37543.68157488495,112135.38324197345,31529.564142383148,34472.11898257185,34806.052641334965,2426.672183945772,2653.145850000111,1121.783689766158,420.04891282798496,418.41674231298305,11233.528599767626,4096.89769075844,4438.500587481671
1971,159456.69371916642,38358.85384292784,41850.666404059986,119524.05735626478,35080.95703056771,38312.88434717292,38765.97732605164,2839.6392772351846,3101.248666665601,1166.6590368499708,438.25753512495214,436.53339022146014,11393.474146091845,3982.568603770931,4306.984829175039
1972,171015.73602980896,42251.682286498784,46054.084988186776,127132.92635019345,38536.650039090404,42044.23048945735,42669.54581340417,3257.7676991217195,3554.287564799851,1213.2638662113263,457.2645482866561,455.5669339295631,11559.042310642544,3892.828443570943,4203.41858412679
1973,178628.8443290882,45924.61265379612,50013.257448860226,134908.41141240505,41879.28524564815,45648.815069189826,42458.717768200884,3568.1783433453866,3889.347976543787,1261.7151484822546,477.1490648025804,475.09440312661286,7613.108299279236,3672.930367297333,3959.1724606734497
1974,185169.12316655394,49483.373452766406,53842.18704596664,139601.8501157478,45034.648143542436,49043.845674592936,44255.20786843097,3950.8492128950193,4302.572509575485,1312.0651823751616,497.8760963289555,495.76886179821173,6540.278837465739,3558.7607989702883,3828.929597106413
1975,198769.39010460596,53203.83681745741,57842.67192657281,143497.66766177202,48098.799257927516,52335.70910069378,53907.12026200291,4585.583326278028,4989.516551840412,1364.6021808310395,519.454233251873,517.4462740386202,13600.266938052024,3720.463364691008,4000.484880606171
1976,210941.75987868768,56806.86622095284,61710.69291936274,152848.92559252444,51282.41700649875,55754.00199121858,56673.69332972418,4982.455453095575,5416.902078110816,1419.140956439042,541.9937613585187,539.7888500333479,12172.369774081715,3603.0294034954277,3868.020992789927
1977,218571.91327401673,60168.01914041889,65309.43848793761,161043.11696068093,54322.98538045677,59011.32222088262,56052.907569199764,5279.564926705657,5735.2169600749285,1475.8887441360853,565.4688332564649,562.8993069800584,7630.153395329049,3361.152919466047,3598.745568574872
1978,228237.43636279716,63593.74274382145,68975.70161236469,165737.42886734477,57212.44636381866,62101.672068681284,60965.16776251956,5791.270636226124,6286.17744511167,1534.8397329328377,590.0257437766643,587.8520985717203,9665.523088780436,3425.7236034025627,3666.2631244270815
1979,237313.04294296316,65419.46940782618,70901.00850346498,169265.85837017803,58484.163167493185,63433.20257586939,66451.06201145801,6319.790420070952,6854.582920256607,1596.1225613271167,615.5158202620466,613.2230073389854,9075.606580166,1825.726664004731,1925.306891100292
1980,248598.5932128376,67171.13958404755,72748.08527479098,174107.66402038853,59808.05966897436,64823.819522456884,72830.99069406757,6720.919276895956,7284.45383937366,1659.9384983814914,642.1606381772334,639.8119129604266,11285.550269874424,1751.6701762213634,1847.0767713259993
1981,253209.97570113896,68754.55991310194,74404.9143515834,181141.29177984592,61298.699650389695,66388.09072200488,70342.38451163888,6789.046709665428,7352.714681514974,1726.2994096541427,666.8135530468248,664.108948063533,4611.382488301373,1583.4203290543956,1656.829076792419
1982,263545.63993060286,70568.01919728202,76307.43243946183,182589.84868799816,62591.379505240904,67734.70750717304,79160.26443870098,7284.290365598698,7882.863122865555,1795.5268039037428,692.3493264424106,689.861809423244,10335.664229463902,1813.4592841800768,1902.5180878784304
1983,274641.53551531,72408.42442579579,78236.42407927157,188060.26335581762,64057.914705456475,69267.81280382146,84714.0012859798,7631.601824565508,8252.288089738231,1867.270873512569,718.9078957738252,716.3231857118943,11095.895584707148,1840.4052285137732,1928.9916398097412
1984,282083.7111886918,74100.06515444086,80001.3852081367,193918.57015543315,65512.17269439482,70785.27854321367,86223.15332171076,7841.4588231140315,8472.621562538376,1941.9877115478628,746.433636931999,743.4851023846436,7442.175673381775,1691.6407286450703,1764.9611288651213
1985,296821.63029513013,76002.72218706594,81990.20999038982,197064.34608116257,66829.00180203546,72150.99464157668,97737.51868024596,8398.68540244202,9067.522918611454,2019.765533721668,775.0349825884666,771.6924302016772,14737.919106438349,1902.6570326250803,1988.8247822531266
1986,308570.2073897485,77862.1651482563,83929.90701024288,205147.2525224558,68399.05684339273,73787.6366439734,101322.37954105956,8658.291904381947,9340.405065244784,2100.575326233097,804.8164004816277,801.8653010247108,11748.577094618347,1859.4429611903615,1939.6970198530616
1987,316430.19515598234,79577.26632631337,85709.6120667425,210972.5291666414,69848.77460100979,75291.61988906677,103273.09549167613,8892.905890977681,9585.870244358654,2184.5704976647585,835.5858343259159,832.121933317099,7859.987766233855,1715.1011780570698,1779.705056499617
1988,331058.2741826284,83201.0612058988,89543.4167459218,216531.99024360094,72959.0580456323,78581.99890780573,112254.252692588,9374.381341808696,10096.863146213076,2272.031246439412,867.6218184578022,864.5546919030086,14628.079026646039,3623.7948795854318,3833.804679179302
1989,352092.6073071589,86960.61917387554,93518.48233354762,223833.93957136507,75914.02577589956,81701.84755204353,125895.82312023344,10145.703062715313,10919.229700520324,2362.8446155603956,900.8903352607023,897.4050809837662,21034.3331245305,3759.5579679767397,3975.0655876258243
1990,359568.0665552797,90262.20475731973,96994.92536746527,235215.3971504997,78973.19836045604,84928.99174986644,121895.34088125668,10353.57894864526,11134.39799028555,2457.328523523454,935.4274482184526,931.5356273132803,7475.459248120838,3301.58558344419,3476.443033917647
1991,382406.87861564214,94004.9837374585,100940.52421556317,236207.73412311063,81554.94586949126,87638.30123472714,143643.53048827016,11474.126830362207,12330.00614302315,2555.61400426137,975.9110376050253,972.2168378128666,22838.812060362427,3742.77898013877,3945.5988480978995
1992,395130.07276586303,97413.77342090473,104521.11708064086,246992.33557449575,84484.50420951186,90717.22560530729,145479.7295159927,11910.931657068939,12789.643312862885,2658.007675374626,1018.3375543239374,1014.2481624706855,12723.194150220894,3408.78968344623,3580.5928650776914
1993,409549.39816531946,100850.18235969507,108128.23054095605,250884.39514517627,87107.98343734058,93464.8243453356,155900.75132777292,12679.615174218376,13604.929861305418,2764.251692370282,1062.5837481361493,1058.4763343150262,14419.32539945643,3436.408938790337,3607.1134603151877
1994,419007.80206190364,104130.62216773709,111560.2867684765,255586.50204569398,89738.77693452666,96214.31347849465,160546.52580215907,13283.18241693411,14241.694847115847,2874.774214050605,1108.6628162763252,1104.2784428660045,9458.403896584176,3280.4398080420215,3432.056227520443
1995,452747.170739501,108070.86491716468,115694.78742584925,256960.28408634066,92202.61891319115,98781.48148372858,192797.22194713962,14711.544409800877,15761.245926018786,2989.664706020665,1156.7015941726736,1152.0600161018644,33739.36867759738,3940.2427494275908,4134.500657372759
1996,478993.5884885679,111778.56561892496,119572.6949767529,272783.78838077426,95246.14856284238,101964.06919467931,203100.46114573616,15325.61574786044,16406.565180269532,3109.33896205753,1206.8013082221146,1202.060601804063,26246.417749066895,3707.7007017602737,3877.9075509036484
1997,516070.74532465,115804.68463941393,123788.30655792703,283472.4488296058,98101.20872143617,104942.37860629856,229364.66202672882,16444.45921709569,17591.2273419237,3233.6344683154307,1259.0167008820545,1254.7006097047883,37077.15683608211,4026.1190204889717,4215.611581174133
1998,557368.9602941461,123502.5984371629,131922.07127329335,304824.1480174914,104902.70514991695,112135.88506635261,249181.8797052484,17286.287419613953,18478.19974270036,3362.932571406236,1313.6058676319956,1307.9864642404098,41298.21496949607,7697.913797748974,8133.764715366313
1999,593973.8197881147,130988.90039959454,139819.83809649304,322530.2372241338,110971.21934783272,118536.09309498353,267945.89763142826,18647.108406282343,19918.276026787673,3497.684932552772,1370.5726454794649,1365.4689747218758,36604.85949396866,7486.301962431637,7897.766823199694
2000,592837.5052096434,137212.3872397006,146367.03680243567,335959.7201314669,116600.87839677713,124465.56820528443,253240.09343711543,19181.47965800255,20476.71841269033,3637.691641061122,1430.0291849209225,1424.7501844609376,-1136.314578471356,6223.486840106052,6547.198705942632
2001,591573.6668397617,143383.91160322106,152848.08317286125,333700.2448558712,121373.34451407244,129473.28518545213,254090.54001794782,20530.413398703884,21900.52584929323,3782.8819659427136,1480.1536904447219,1474.2721381158553,-1263.8383698817343,6171.524363520468,6481.046370425582
2002,577167.201702102,148894.3238671547,158612.4311398853,330660.4671615174,125866.43628902045,134172.84305191148,242572.500979585,21496.106969648,22914.7171533709,3934.2335609995894,1531.7806084862757,1524.87093460293,-14406.465137659688,5510.412263933627,5764.347967024049
2003,622463.325731008,154453.1341014526,164426.46694659186,318577.5790371597,128209.31886318662,136579.0037108304,299794.0987932772,24658.37931726332,26268.113036848747,4091.647900571042,1585.435921002654,1579.3501989127108,45296.12402890599,5558.810234297911,5814.035806706554
2004,647754.4616533404,159361.85134237874,169541.93571294166,341465.73772062844,132355.6604294011,140903.844148501,302033.3400439151,25365.345027411215,27003.564569282065,4255.383888796813,1640.8458855664257,1634.52699515859,25291.13592233241,4908.71724092614,5115.468766349804
2005,665666.5585382538,163996.5822032994,174358.4388842492,353158.16433050187,135894.69093340673,144576.32873299986,308082.805454729,26403.49441549422,28090.28271888151,4425.588753022949,1698.3968543983945,1691.8274323678102,17912.096884913393,4634.730860920652,4816.50317130753
2006,699854.3308890163,169172.33385026566,179743.5871075871,360698.56904583686,139234.63324453312,148031.776114269,334553.2881668016,28179.944365271895,29960.413713060694,4602.473676377881,1757.7562404606522,1751.3972802573821,34187.772350762505,5175.751646966266,5385.148223337921
2007,719840.5799414484,173727.66867436134,184459.6574350187,376899.4904329851,142839.65836180362,151763.74608081058,338154.96536429605,29068.96823895533,30885.08867385853,4786.124144167215,1819.042073602382,1810.8226803495854,19986.249052432133,4555.334824095684,4716.070327431575
2008,671628.1524023532,176107.633660597,186862.695098156,385286.7462811276,146061.059741713,155084.16105039793,281364.00110084435,28164.23861209141,29904.119034212577,4977.40502038128,1882.3353067925834,1874.4150135455131,-48212.427539095166,2379.96498623566,2403.0376631373074
2009,723254.7884323262,181858.645571653,192840.18652935157,357276.6100256834,147412.22003672837,156416.6324603522,360801.4464434753,32498.667110133214,34483.7902010465,5176.7319631672935,1947.7584247914147,1939.763867952881,51626.63602997293,5751.0119110560045,5977.49143119558
2010,760018.7494041178,187076.50491109592,198242.75223688735,382376.94997223245,151569.78183732662,160721.62796729626,372257.9666776906,33491.05337873176,35513.257036593546,5383.832754194656,2015.6696950375501,2007.8672329975307,36763.96097179165,5217.859339442919,5402.565707535774
2011,775761.7869094661,191581.08467166725,202881.78892482613,398557.14056723804,155433.09945329503,164709.658615677,371605.6966021776,34048.28685896864,36080.35691699307,5598.949740050564,2099.698359403565,2091.7733921560603,15743.03750534833,4504.579760571331,4639.0366879387875
2012,817454.2047546877,196925.2969345327,208401.18610173196,403500.42540100764,158603.7031155216,167957.7086590835,408130.6344089024,36134.22517662122,38265.321336262845,5823.144944777677,2187.368642389854,2178.1561063856243,41692.417845221586,5344.212262865447,5519.397176905826
2013,897496.9415933653,206820.30626336354,218728.55026505174,425161.7210293056,165860.07571751287,175523.57829138022,466279.58113263967,38681.444630331185,40935.140935057054,6055.639431420109,2278.7859155194524,2269.8310386145013,80042.73683867755,9895.009328830842,10327.364163319784
2014,944295.9842047987,215382.31806563906,227637.38735901855,462612.1833562723,173298.28880815313,183277.16280089365,475385.8124084265,39710.47192212639,41997.08304926705,6297.988440099911,2373.557335359554,2363.1415088579097,46799.042611433426,8562.01180227552,8908.83709396681
2015,964353.3957228466,223078.3425253005,235622.59554543486,482398.15062745055,179734.96265935295,189962.85768613438,475405.8132479059,40870.761066793406,43196.52922937454,6549.431847490284,2472.6187991541633,2463.2086299258895,20057.411518047913,7696.02445966145,7985.208186416305
2016,1010411.9904191782,231497.3415010124,244356.36819193582,488269.4791293828,185291.0769219801,195708.0796890066,515331.47002759983,43630.52898998796,46083.422830131756,6811.041262195666,2575.7355890443305,2564.865672797462,46058.59469633154,8418.998975711875,8733.772646500962
2017,1084348.35338512,240817.66603974585,254032.64209702789,507053.7288712977,191512.04318665518,202148.54579361677,570211.2256781377,46622.68229605282,49212.087502816656,7083.3988356845975,2682.9405570378453,2672.0088005944363,73936.36296594178,9320.324538733461,9676.273905092065
2018,1085155.6744858166,243968.11911817416,257196.60821362282,535053.3787715489,194545.19078710536,205224.38445727297,542735.9697671408,46627.89428659404,49187.445162686134,7366.325947127171,2795.0340444747367,2784.7785936636974,807.3211006966885,3150.4530784283124,3163.9661165949365
2019,1189565.7426111924,250491.1129983231,263903.83448281186,530980.7000490925,196469.8359309117,207123.1314426208,650924.136032512,51109.87847893533,53881.23845093178,7660.906529588029,2911.398588476022,2899.464589259316,104410.06812537578,6522.993880148948,6707.2262691890355
2020,1263650.812123122,254201.24959078917,267700.53521491773,574313.0466351486,199648.08426115933,210393.7519368484,681370.6180740702,51520.47882674326,54286.79288701125,7967.147413903238,3032.686502886586,3019.9903910579806,74085.06951192953,3710.136592466064,3796.7007321058773
2021,1376563.954138987,260891.91601760854,274567.93565322197,613080.8484649954,204182.70935499782,215026.68390112868,755197.9599666356,53555.2984269351,56399.575960457376,8285.145707355996,3153.9082356756576,3141.675791635877,112913.14201586507,6690.666426819371,6867.400438304234
2022,1324844.0791761905,262858.3622024477,276451.75955868047,667823.6186850268,209489.4656143486,220470.6345295908,648403.6901939014,50088.8873410496,52714.48252816593,8616.770297262574,3280.0092470495606,3266.6425009236746,-51719.87496279646,1966.4461848391802,1883.8239054584992
